{
  "valuation": {
    "mean_ms": 71.05484374042135,
    "p95_ms": 77.85649519064464,
    "raw_latencies_ms": [
      77.13195797987282,
      68.89324996154755,
      66.27912499243394,
      68.06504097767174,
      66.27499999012798,
      66.81458296952769,
      74.31604200974107,
      84.63387499796227,
      67.60837504407391,
      75.59599995147437,
      69.9168749852106,
      75.9347919956781,
      66.001667000819,
      70.89258299674839,
      69.3467499804683,
      68.63579200580716,
      66.2949169636704,
      77.4997909902595,
      68.8028340227902,
      72.15762499254197
    ]
  },
  "chat": {
    "mean_ms": 2448.1144001387293,
    "p95_ms": 2882.506094092969,
    "raw_latencies_ms": [
      2875.271041993983,
      3019.9720839736983,
      2575.528834015131,
      2405.9076669509523,
      2327.1291669807397,
      2479.3492089957,
      2695.458250003867,
      2297.4006659933366,
      2253.074000007473,
      2624.9389169970527,
      2649.470832955558,
      2624.8374999850057,
      2230.958041967824,
      2311.7169159813784,
      2186.809875012841,
      2237.3973749927245,
      2356.673292000778,
      2263.3584999712184,
      2170.2985420124605,
      2376.737291982863
    ]
  }
}